Link Youtube,Channel
https://www.youtube.com/watch?v=fhLcI-3xE3s,Timothy Ronald
https://www.youtube.com/watch?v=JKl0w0XQW2g,Timothy Ronald
https://www.youtube.com/watch?v=3W6iCt1wjvA,Timothy Ronald
https://www.youtube.com/watch?v=4h9AwMKILTs,Timothy Ronald
https://www.youtube.com/watch?v=7WL3k91xpXg,Timothy Ronald
https://www.youtube.com/watch?v=ouAWEheEjZ8,Timothy Ronald
https://www.youtube.com/watch?v=ZPlAv6lKbNI,Timothy Ronald
https://www.youtube.com/watch?v=muXn2ZcJg1Y,Timothy Ronald
https://www.youtube.com/watch?v=MsgnG-Gca-0,Timothy Ronald
https://www.youtube.com/watch?v=wLUvRv6kNGg,Timothy Ronald
https://www.youtube.com/watch?v=RPTFTa8fgNs,Timothy Ronald
https://www.youtube.com/watch?v=iAM9iF27Fos,Timothy Ronald
https://www.youtube.com/watch?v=psrOehbz5l4,Timothy Ronald
https://www.youtube.com/watch?v=zU0DptSmkx8,Timothy Ronald
https://www.youtube.com/watch?v=stNTfLJSf_w,Timothy Ronald
https://www.youtube.com/watch?v=aSxLg7fRuFs,Timothy Ronald
https://www.youtube.com/watch?v=Hz7TzSwW740,Timothy Ronald
https://www.youtube.com/watch?v=QmqngzMIlV8,Timothy Ronald
https://www.youtube.com/watch?v=lmOK8SAYFPU,Timothy Ronald
https://www.youtube.com/watch?v=5vkGXY1hlpY,Timothy Ronald
https://www.youtube.com/watch?v=Gvi642YkVa8,Timothy Ronald
https://www.youtube.com/watch?v=Mdg5Z4PFQQA,Timothy Ronald
https://www.youtube.com/watch?v=gvxK2JXSCHo,Timothy Ronald
https://www.youtube.com/watch?v=3TxS0ubowv0,Timothy Ronald
https://www.youtube.com/watch?v=gx7sRdEQbIk,Timothy Ronald
https://www.youtube.com/watch?v=sNZDKmzZJGk&t=5s,Timothy Ronald
https://www.youtube.com/watch?v=Dd-7o4p6Wu0,Timothy Ronald
https://www.youtube.com/watch?v=t_80LPq1H-g,Timothy Ronald
https://www.youtube.com/watch?v=JwbhihWGaao,Timothy Ronald
https://www.youtube.com/watch?v=AXW0ieFrFcg,Timothy Ronald
https://www.youtube.com/watch?v=luYz1n4AFMw,Timothy Ronald
https://www.youtube.com/watch?v=LaZ6VtSDSYM,Timothy Ronald
https://www.youtube.com/watch?v=6deJ_lSHnYg,Timothy Ronald
https://www.youtube.com/watch?v=ew19ItrK7R0,Timothy Ronald
https://www.youtube.com/watch?v=eIWOxBUBriE,Kalimasada
https://www.youtube.com/watch?v=UuympLhWQmc,Kalimasada
https://www.youtube.com/watch?v=KunV_eUsuS0,Kalimasada
https://www.youtube.com/watch?v=6rd7dOjKmiM,Kalimasada
https://www.youtube.com/watch?v=65CZPZpuMbI,Kalimasada
https://www.youtube.com/watch?v=6PZRgtm_kdE,Kalimasada
https://www.youtube.com/watch?v=ZeGWaxOhH3M,Kalimasada
https://www.youtube.com/watch?v=AbC34VUiLFA,Kalimasada
https://www.youtube.com/watch?v=ZVUByHXzB6Y,Kalimasada
https://www.youtube.com/watch?v=YK9MJMdmka8,Kalimasada
https://www.youtube.com/watch?v=ONeYIxEWyII,Kalimasada
https://www.youtube.com/watch?v=c0vQizCLXRg,Kalimasada
https://www.youtube.com/watch?v=0-3-g46NPAA,Kalimasada
https://www.youtube.com/watch?v=GHBzz_UTxvs,Kalimasada
https://www.youtube.com/watch?v=0FMa_jOrxqo,Kalimasada
https://www.youtube.com/watch?v=a_AXsguXpTY,Kalimasada
https://www.youtube.com/watch?v=tdUuyhZH5wI,Kalimasada
https://www.youtube.com/watch?v=Aho6ihkmNmk,Sulianto
https://www.youtube.com/watch?v=44d1AH8OAds,Sulianto
https://www.youtube.com/watch?v=RAkuyTVG6NI,Sulianto
https://www.youtube.com/watch?v=oC0VJBKc06M,Sulianto
https://www.youtube.com/watch?v=z2JXeo8-YcE,Sulianto
https://www.youtube.com/watch?v=cY-7PHH_zlQ,Sulianto
https://www.youtube.com/watch?v=gtzHhqfCimg,Sulianto
https://www.youtube.com/watch?v=Ia9TS_QeklQ,Sulianto
https://www.youtube.com/watch?v=CVrOXfGPgOs,Sulianto
https://www.youtube.com/watch?v=uqqHZcLenaE,Sulianto
https://www.youtube.com/watch?v=cHdXjthEpW8,Sulianto
https://www.youtube.com/watch?v=iQGqaATS8qE,Sulianto
https://www.youtube.com/watch?v=vHWHtRisiBQ,Sulianto
https://www.youtube.com/watch?v=f_gVDW-2m98,Sulianto
https://www.youtube.com/watch?v=AahMcMC-qWM,Sulianto
https://www.youtube.com/watch?v=yp9H7gSrM7w,Sulianto
https://www.youtube.com/watch?v=QJfVy6O7f3Q,Sulianto
https://www.youtube.com/watch?v=gjTbeLA1-9c,Sulianto
https://www.youtube.com/watch?v=x5gBxcg2QKc,Sulianto
https://www.youtube.com/watch?v=JSsXu-J2RqI,Sulianto
https://www.youtube.com/watch?v=Atr3IQt_oXg,Sulianto
https://www.youtube.com/watch?v=X8qpA2ladQM,Sulianto
https://www.youtube.com/watch?v=CKqjmdvdMkE,Sulianto
https://www.youtube.com/watch?v=K-nuHAlOeQc,Sulianto
https://www.youtube.com/watch?v=Y_bEnUc9ri8,Raymond
https://www.youtube.com/watch?v=nYc21fYPZbs,Raymond
https://www.youtube.com/watch?v=YtDI-dXfP5Q,Raymond
https://www.youtube.com/watch?v=35ph2yJpspk,Raymond
https://www.youtube.com/watch?v=y2A4SQX7nPc,Raymond
https://www.youtube.com/watch?v=jTZ0Z3LvtcQ,Raymond
https://www.youtube.com/watch?v=gZc22-y4RZ8,Raymond
https://www.youtube.com/watch?v=ofc6nATw0lo,Raymond
https://www.youtube.com/watch?v=vXFj7id8bL0,Raymond
https://www.youtube.com/watch?v=XW7g6xZHYS0,WPU
https://www.youtube.com/watch?v=yl_HhdCssYc,WPU
https://www.youtube.com/watch?v=xVY4Tk5uDww,WPU
https://www.youtube.com/watch?v=6XYcxERnNMc,WPU
https://www.youtube.com/watch?v=BTN35BtrNgc,WPU
https://www.youtube.com/watch?v=7C3WosBgzbw,WPU
https://www.youtube.com/watch?v=YO4CS2pU4kU,WPU
https://www.youtube.com/watch?v=XTeQ7USrgB8,WPU
https://www.youtube.com/watch?v=RzNVQBfJi-A,WPU
https://www.youtube.com/watch?v=jX6hCKEeUvs,WPU
https://www.youtube.com/watch?v=2wwp3dKbGE8,WPU
https://www.youtube.com/watch?v=sL3TU8o79Gk,WPU
https://www.youtube.com/watch?v=b8cRhBqKLJY,WPU
https://www.youtube.com/watch?v=BLRN8POeq0g,WPU
https://www.youtube.com/watch?v=TanFwAcHBqE,WPU
https://www.youtube.com/watch?v=HbXEgaL1A8U,Dea Afrizal
https://www.youtube.com/watch?v=CmKohf3mm7g,Dea Afrizal
https://www.youtube.com/watch?v=ANswcSLOXU4,Dea Afrizal
https://www.youtube.com/watch?v=ISAvmYn71i4,Dea Afrizal
https://www.youtube.com/watch?v=mUFsQLxnL3I,Dea Afrizal
https://www.youtube.com/watch?v=BHDpo_49yhE,Dea Afrizal
https://www.youtube.com/watch?v=L8VXRVN9tRw,Dea Afrizal
https://www.youtube.com/watch?v=xDNdOdkUaDA,Dea Afrizal
https://www.youtube.com/watch?v=8AVvTifFoEo,Dea Afrizal
https://www.youtube.com/watch?v=_Cjk8ILmdg0,Dea Afrizal
https://www.youtube.com/watch?v=X1CGOmGl0gM,Dea Afrizal
https://www.youtube.com/watch?v=VKJsP2EwOpM,Dea Afrizal
https://www.youtube.com/watch?v=sIboV2_vHWk,Dea Afrizal
https://www.youtube.com/watch?v=YSyAnOzjacQ,Dea Afrizal
https://www.youtube.com/watch?v=L52RJ88Lts4,Dea Afrizal
https://www.youtube.com/watch?v=8fKvBT_fIh0,Dea Afrizal
https://www.youtube.com/watch?v=G0eNXO2P1rQ,Dea Afrizal
https://www.youtube.com/watch?v=vmhEp2ohaP8,Dea Afrizal
https://www.youtube.com/watch?v=n0tURC_xeyI,Dea Afrizal
https://www.youtube.com/watch?v=ZJLJBl6yMas,Gadgetin
https://www.youtube.com/watch?v=J7tekVDdUhg,Gadgetin
https://www.youtube.com/watch?v=G1TRm2B-h1M,Gadgetin
https://www.youtube.com/watch?v=MBRtCiE7-v8,Gadgetin
https://www.youtube.com/watch?v=B3KiJVw6TI0,Gadgetin
https://www.youtube.com/watch?v=ZGbp60qeIUM,Gadgetin
https://www.youtube.com/watch?v=oM9v6P41tRA,Gadgetin
https://www.youtube.com/watch?v=yYUY--2x-Xk,Gadgetin
https://www.youtube.com/watch?v=TY25tT_9Xxo,Gadgetin
https://www.youtube.com/watch?v=wkFACDYhTio,Gadgetin
https://www.youtube.com/watch?v=9IT-uLBokHE,Gadgetin
https://www.youtube.com/watch?v=f1wtwvrgLr8,Gadgetin
https://www.youtube.com/watch?v=RHWP2BRy2pc,Gadgetin
https://www.youtube.com/watch?v=yj6fDtTBzEk,Gadgetin
https://www.youtube.com/watch?v=6rNbXz7_YVU,Gadgetin
https://www.youtube.com/watch?v=CJl28cwLBZg,Gadgetin
https://www.youtube.com/watch?v=efkl2pfbrJE,Programmer Zaman Now
https://www.youtube.com/watch?v=zCA5bKt3awg,Programmer Zaman Now
https://www.youtube.com/watch?v=fmZX-5r0t5E,Programmer Zaman Now
https://www.youtube.com/watch?v=5ETH7ENJ-Vs,Programmer Zaman Now
https://www.youtube.com/watch?v=2hiaZghRYHk,Programmer Zaman Now
https://www.youtube.com/watch?v=Z411JqiHWCo,Programmer Zaman Now
https://www.youtube.com/watch?v=S8ZJCxY1uu0,Programmer Zaman Now
https://www.youtube.com/watch?v=lowmHv0E3-I,Programmer Zaman Now
https://www.youtube.com/watch?v=-rgFKxNPeZY,Programmer Zaman Now
https://www.youtube.com/watch?v=PolLlKjJE6k,Programmer Zaman Now
https://www.youtube.com/watch?v=OZei4JKgfFw,Programmer Zaman Now
https://www.youtube.com/watch?v=SJWyZ_tjW_8,Programmer Zaman Now
https://www.youtube.com/watch?v=pNxXePwYQ14,Programmer Zaman Now
https://www.youtube.com/watch?v=Uq9JOCf4kNg,Programmer Zaman Now
https://www.youtube.com/watch?v=xtFMJJJznP4,Programmer Zaman Now
https://www.youtube.com/watch?v=IpErJR05Ko8,Programmer Zaman Now
https://www.youtube.com/watch?v=nfgxLMB4N2k,Programmer Zaman Now
https://www.youtube.com/watch?v=X5oFgO3aACE,Programmer Zaman Now
https://www.youtube.com/watch?v=dD_2zeCUYaQ,Programmer Zaman Now
https://www.youtube.com/watch?v=w_eNLYWjGNY,Programmer Zaman Now
https://www.youtube.com/watch?v=yOIO5h3ENIw,Programmer Zaman Now
https://www.youtube.com/watch?v=ymqHMOD_NaE,Programmer Zaman Now
https://www.youtube.com/watch?v=jDlk0cODsAY,Programmer Zaman Now
https://www.youtube.com/watch?v=ucw43TtkYxE,Programmer Zaman Now
https://www.youtube.com/watch?v=5VRgpR73sVA,Programmer Zaman Now
https://www.youtube.com/watch?v=df3T2uoPMnM,Programmer Zaman Now
https://www.youtube.com/watch?v=0WiG6_MudjA,Programmer Zaman Now
https://www.youtube.com/watch?v=G-UygClL2tY,Programmer Zaman Now
https://www.youtube.com/watch?v=pc1o_KaPvlg,Jingga Jive
https://www.youtube.com/watch?v=FeCNV8xBZsw,Jingga Jive
https://www.youtube.com/watch?v=oQtjZWpKuMM,Jingga Jive
https://www.youtube.com/watch?v=6d5kvaSE3u8,Jingga Jive
https://www.youtube.com/watch?v=WN1J8Dtu6oc,Jingga Jive
https://www.youtube.com/watch?v=_F0wtksfQJk,Jingga Jive
https://www.youtube.com/watch?v=VhuCwdwr9ao,Jingga Jive
https://www.youtube.com/watch?v=BTn4NAo98rc,Jingga Jive
https://www.youtube.com/watch?v=l-NWMVKLQmE,Jingga Jive
https://www.youtube.com/watch?v=cds-Zd9msdQ,Jingga Jive
https://www.youtube.com/watch?v=p-kiA9xrtrQ,Jingga Jive
https://www.youtube.com/watch?v=U8MK-fYuoy4,Jingga Jive
https://www.youtube.com/watch?v=0vrDTm1wajQ,Jingga Jive
https://www.youtube.com/watch?v=WQXIz7N6rWU,Jingga Jive
https://www.youtube.com/watch?v=Q6zXmcleEQY,Jingga Jive
https://www.youtube.com/watch?v=G5RPmkZgRaQ,Jingga Jive
https://www.youtube.com/watch?v=chOggn4j0cM,Jingga Jive
https://www.youtube.com/watch?v=evoCRMxTdgM,Baca Buku
https://www.youtube.com/watch?v=hV2aoQcPYqU,Baca Buku
https://www.youtube.com/watch?v=G0VJ99h22wk,Baca Buku
https://www.youtube.com/watch?v=gYoqH008Zww,Baca Buku
https://www.youtube.com/watch?v=KXj6gcr5ZdM,Baca Buku
https://www.youtube.com/watch?v=_L5BhFD50HE,Baca Buku
https://www.youtube.com/watch?v=RacPSCecXiA,Baca Buku
https://www.youtube.com/watch?v=blKPZ4wsPAE,Baca Buku
https://www.youtube.com/watch?v=XPSQs0OTjcQ,Baca Buku
https://www.youtube.com/watch?v=ACwUdMPZEms,Baca Buku
https://www.youtube.com/watch?v=XUF8KnxY4to,Baca Buku
https://www.youtube.com/watch?v=oJ933Zm7VVQ,Baca Buku
https://www.youtube.com/watch?v=3cMSOKCAqWI,Baca Buku
https://www.youtube.com/watch?v=u7WoVgKxQ_Y,Baca Buku
https://www.youtube.com/watch?v=6BaHT-dO1-E,Baca Buku
https://www.youtube.com/watch?v=RkZ_5iyTSmo,Baca Buku
https://www.youtube.com/watch?v=C7-XhLLL9PQ,Baca Buku
https://www.youtube.com/watch?v=kP5MV6GkYao,Dibacain
https://www.youtube.com/watch?v=Rs-SnjmNJBI,Dibacain
https://www.youtube.com/watch?v=bxsUYJ7YjQ0,Dibacain
https://www.youtube.com/watch?v=hyQiaeROwfY,Dibacain
https://www.youtube.com/watch?v=YSftxkZvWSE,Dibacain
https://www.youtube.com/watch?v=9wClDGzmsDA,Dibacain
https://www.youtube.com/watch?v=CvrpvF5335E,Dibacain
https://www.youtube.com/watch?v=VI4R2Oi1SOM,Dibacain
https://www.youtube.com/watch?v=bhHpdhS9SNM,Dibacain
https://www.youtube.com/watch?v=raDwbqOwFeI,Dibacain
https://www.youtube.com/watch?v=QUWb7E9ThyQ,Dibacain
https://www.youtube.com/watch?v=FmzlOQObgkk,Dibacain
https://www.youtube.com/watch?v=qquLF9ed6og,Dibacain
https://www.youtube.com/watch?v=EwuqifCvo3I,Layar Kertas
https://www.youtube.com/watch?v=PS1ogBBbYxg,Layar Kertas
https://www.youtube.com/watch?v=OunaTqjpcio,Layar Kertas
https://www.youtube.com/watch?v=pYDCx1wVcQY,Layar Kertas
https://www.youtube.com/watch?v=bCPNCzm5JPc,Layar Kertas
https://www.youtube.com/watch?v=dCiQWMd0hyg,Layar Kertas
https://www.youtube.com/watch?v=IdF8t-8tauE,Layar Kertas
https://www.youtube.com/watch?v=_FAdEQ1LuQk,Layar Kertas
https://www.youtube.com/watch?v=6gpEpVc9AP8,Layar Kertas
https://www.youtube.com/watch?v=z8VU8ui0LAo,Layar Kertas
https://www.youtube.com/watch?v=iYhpSsUmVUI,Layar Kertas
https://www.youtube.com/watch?v=pMwOdebyygo,Layar Kertas
https://www.youtube.com/watch?v=1_YJTRGV2Gg,Layar Kertas
https://www.youtube.com/watch?v=8EBqN29qOjI,Layar Kertas
https://www.youtube.com/watch?v=gN-72E7ZBaQ,Eva Alicia
https://www.youtube.com/watch?v=9IufQ1Y1Moc,Eva Alicia
https://www.youtube.com/watch?v=BWy82VRnP4w,Eva Alicia
https://www.youtube.com/watch?v=5VMdH_GkKTU,Eva Alicia
https://www.youtube.com/watch?v=ZWgsxRLGt8c,Eva Alicia
https://www.youtube.com/watch?v=KDIYj_yf3nY,Eva Alicia
https://www.youtube.com/watch?v=CBxcSHCr-vo,Eva Alicia
https://www.youtube.com/watch?v=kq7GaZWy6Bw,Jamu Otak
https://www.youtube.com/watch?v=jntDYubhSXc,Jamu Otak
https://www.youtube.com/watch?v=gotGXWxVr-c,Jamu Otak
https://www.youtube.com/watch?v=EOKTRJnNaCs,Maudy Ayunda
https://www.youtube.com/watch?v=I8AoVf8sfS0,Maudy Ayunda
https://www.youtube.com/watch?v=OJM-oKEH78A,Faulyn Olla
https://www.youtube.com/watch?v=TnK59Y2qwLg,Faulyn Olla
https://www.youtube.com/watch?v=k8O-uPe9ok8,Faulyn Olla
https://www.youtube.com/watch?v=60yKhhvC5nU,Fintech ID
https://www.youtube.com/watch?v=00cggxqIxjc,Fintech ID
https://www.youtube.com/watch?v=zommuZw_8cY,Fintech ID
https://www.youtube.com/watch?v=W-k7EpOM_Fg,Fintech ID
https://www.youtube.com/watch?v=8LqlrPOPE50,Fintech ID
https://www.youtube.com/watch?v=GzmFKS5-DNo,Fintech ID
https://www.youtube.com/watch?v=5oFsFCiiOJs,Fintech ID
https://www.youtube.com/watch?v=2GuWvr3Mbbw,Fintech ID
https://www.youtube.com/watch?v=DPjpldQ4WQw,Fintech ID
https://www.youtube.com/watch?v=Ik98zks__6Y,Fintech ID
https://www.youtube.com/watch?v=jOGLU4WnZe8,Fintech ID
https://www.youtube.com/watch?v=bnVXneaMfTM,Fintech ID
https://www.youtube.com/watch?v=viq4pPT_YVc,Fintech ID
https://www.youtube.com/watch?v=OzWKLSVdYcA,Fintech ID